Workbook

Sheet Attendance
A1: Timestamp | B1: Subject Name | C1: Date | D1: Roll No | E1: Column 1
A2: 46020.603 | B2: Maths | C2: 45992 | D2: 1, 2, 3, 5, 7, 9
A3: 46020.603 | B3: Maths | C3: 45993 | D3: 1, 2, 3, 5, 6, 8
A4: 46020.604 | B4: Maths | C4: 45994 | D4: 2, 3, 5, 7, 8, 9
A5: 46020.694 | B5: Maths | C5: 45995 | D5: 1, 2, 4, 6, 8, 9
A6: 46020.785 | B6: Maths | C6: 46008 | D6: 1, 2, 3, 4, 5, 7, 8, 9
A7: 46020.785 | B7: Maths | C7: 46010 | D7: 2, 3, 4, 5, 6, 8, 9
A8: 46020.786 | B8: Maths | C8: 46010 | D8: 1, 2, 4, 5, 7, 8, 9
A9: 46020.786 | B9: Maths | C9: 46014 | D9: 1, 2, 3, 4, 6, 9
A11: 46020.786 | B11: Maths | C11: 46015 | D11: 1, 2, 3, 4, 6, 8
A12: 46020.785 | B12: Maths | C12: 46007 | D12: 1, 2, 3, 5, 6, 8, 9
A19: 46023.91 | B19: Maths | C19: 46019 | D19: 1, 2, 4, 5, 7, 9

Sheet Master Sheet
A1: Roll No | B1: Student Name
A2: 1 | B2: Aarav Sharma
A3: 2 | B3: Rohan Patel
A4: 3 | B4: Priya Verma
A5: 4 | B5: Ananya Singh
A6: 5 | B6: Kunal Mehta
A7: 6 | B7: Neha Gupta
A8: 7 | B8: Suresh Yadav
A9: 8 | B9: Pooja Nair
A10: 9 | B10: Aman Malhotra

Sheet Summary
A1: Roll No | B1: Student Name | C1: Total lectures | D1: Present Lectures | E1: Attendance % | F1: Lectures Needed (75%) | G1: Status | H1: AI Message | I1: required lectures | J1: Column 1
A2: 1 | B2: =IFERROR(VLOOKUP(A2,'Master Sheet'!A:B,2,FALSE),"") -> Aarav Sharma | C2: 12 | D2: =COUNTIF(Attendance!D:D,"*"&A2&"*") -> 9 | E2: =IF(C2=0,0,(D2/C2)*100) -> 75 | F2: =MAX(0, CEILING(0.75*C2,1) - D2) -> 0 | G2: =IF(E2>=75,"Safe","Low Attendance") -> Safe | H2: =IF(G2="Safe", "", IF(F2="Not Possible", "Your attendance is "&TEXT(E2,"0")&"%. Unfortunately, it is not possible to reach the minimum attendance requirement this month.", "Your attendance is "&TEXT(E2,"0")&"%. You need to attend the next "&F2&" lectures to reach the required attendance.")) | I2: =CEILING(0.75*C2,1) -> 9 | J2: =IFERROR(__xludf.DUMMYFUNCTION("COUNTUNIQUE(FILTER('Attendance 1'!A:A,'Attendance 1'!A:A<>"""")) "),1.0) -> 1
A3: 2 | B3: =IFERROR(VLOOKUP(A3,'Master Sheet'!A:B,2,FALSE),"") -> Rohan Patel | C3: 12 | D3: =COUNTIF(Attendance!D:D,"*"&A3&"*") -> 11 | E3: =IF(C3=0,0,(D3/C3)*100) -> 91.666667 | F3: =MAX(0, CEILING(0.75*C3,1) - D3) -> 0 | G3: =IF(E3>=75,"Safe","Low Attendance") -> Safe | H3: =IF(G3="Safe", "", IF(F3="Not Possible", "Your attendance is "&TEXT(E3,"0")&"%. Unfortunately, it is not possible to reach the minimum attendance requirement this month.", "Your attendance is "&TEXT(E3,"0")&"%. You need to attend the next "&F3&" lectures to reach the required attendance.")) | I3: =CEILING(0.75*C3,1) -> 9 | J3: =IFERROR(__xludf.DUMMYFUNCTION("COUNTUNIQUE(FILTER('Attendance 1'!A:A,'Attendance 1'!A:A<>"""")) "),1.0) -> 1
A4: 3 | B4: =IFERROR(VLOOKUP(A4,'Master Sheet'!A:B,2,FALSE),"") -> Priya Verma | C4: 12 | D4: =COUNTIF(Attendance!D:D,"*"&A4&"*") -> 8 | E4: =IF(C4=0,0,(D4/C4)*100) -> 66.666667 | F4: =MAX(0, CEILING(0.75*C4,1) - D4) -> 1 | G4: =IF(E4>=75,"Safe","Low Attendance") -> Low Attendance | H4: =IF(G4="Safe", "", IF(F4="Not Possible", "Your attendance is "&TEXT(E4,"0")&"%. Unfortunately, it is not possible to reach the minimum attendance requirement this month.", "Your attendance is "&TEXT(E4,"0")&"%. You need to attend the next "&F4&" lectures to reach the required attendance.")) -> Your attendance is 67%. You need to attend the next 1 lectures to reach the required attendance. | I4: =CEILING(0.75*C4,1) -> 9 | J4: =IFERROR(__xludf.DUMMYFUNCTION("COUNTUNIQUE(FILTER('Attendance 1'!A:A,'Attendance 1'!A:A<>"""")) "),1.0) -> 1
A5: 4 | B5: =IFERROR(VLOOKUP(A5,'Master Sheet'!A:B,2,FALSE),"") -> Ananya Singh | C5: 12 | D5: =COUNTIF(Attendance!D:D,"*"&A5&"*") -> 7 | E5: =IF(C5=0,0,(D5/C5)*100) -> 58.333333 | F5: =MAX(0, CEILING(0.75*C5,1) - D5) -> 2 | G5: =IF(E5>=75,"Safe","Low Attendance") -> Low Attendance | H5: =IF(G5="Safe", "", IF(F5="Not Possible", "Your attendance is "&TEXT(E5,"0")&"%. Unfortunately, it is not possible to reach the minimum attendance requirement this month.", "Your attendance is "&TEXT(E5,"0")&"%. You need to attend the next "&F5&" lectures to reach the required attendance.")) -> Your attendance is 58%. You need to attend the next 2 lectures to reach the required attendance. | I5: =CEILING(0.75*C5,1) -> 9 | J5: =IFERROR(__xludf.DUMMYFUNCTION("COUNTUNIQUE(FILTER('Attendance 1'!A:A,'Attendance 1'!A:A<>"""")) "),1.0) -> 1
A6: 5 | B6: =IFERROR(VLOOKUP(A6,'Master Sheet'!A:B,2,FALSE),"") -> Kunal Mehta | C6: 12 | D6: =COUNTIF(Attendance!D:D,"*"&A6&"*") -> 8 | E6: =IF(C6=0,0,(D6/C6)*100) -> 66.666667 | F6: =MAX(0, CEILING(0.75*C6,1) - D6) -> 1 | G6: =IF(E6>=75,"Safe","Low Attendance") -> Low Attendance | H6: =IF(G6="Safe", "", IF(F6="Not Possible", "Your attendance is "&TEXT(E6,"0")&"%. Unfortunately, it is not possible to reach the minimum attendance requirement this month.", "Your attendance is "&TEXT(E6,"0")&"%. You need to attend the next "&F6&" lectures to reach the required attendance.")) -> Your attendance is 67%. You need to attend the next 1 lectures to reach the required attendance. | I6: =CEILING(0.75*C6,1) -> 9 | J6: =IFERROR(__xludf.DUMMYFUNCTION("COUNTUNIQUE(FILTER('Attendance 1'!A:A,'Attendance 1'!A:A<>"""")) "),1.0) -> 1
A7: 6 | B7: =IFERROR(VLOOKUP(A7,'Master Sheet'!A:B,2,FALSE),"") -> Neha Gupta | C7: 12 | D7: =COUNTIF(Attendance!D:D,"*"&A7&"*") -> 6 | E7: =IF(C7=0,0,(D7/C7)*100) -> 50 | F7: =MAX(0, CEILING(0.75*C7,1) - D7) -> 3 | G7: =IF(E7>=75,"Safe","Low Attendance") -> Low Attendance | H7: =IF(G7="Safe", "", IF(F7="Not Possible", "Your attendance is "&TEXT(E7,"0")&"%. Unfortunately, it is not possible to reach the minimum attendance requirement this month.", "Your attendance is "&TEXT(E7,"0")&"%. You need to attend the next "&F7&" lectures to reach the required attendance.")) -> Your attendance is 50%. You need to attend the next 3 lectures to reach the required attendance. | I7: =CEILING(0.75*C7,1) -> 9 | J7: =IFERROR(__xludf.DUMMYFUNCTION("COUNTUNIQUE(FILTER('Attendance 1'!A:A,'Attendance 1'!A:A<>"""")) "),1.0) -> 1
A8: 7 | B8: =IFERROR(VLOOKUP(A8,'Master Sheet'!A:B,2,FALSE),"") -> Suresh Yadav | C8: 12 | D8: =COUNTIF(Attendance!D:D,"*"&A8&"*") -> 5 | E8: =IF(C8=0,0,(D8/C8)*100) -> 41.666667 | F8: =MAX(0, CEILING(0.75*C8,1) - D8) -> 4 | G8: =IF(E8>=75,"Safe","Low Attendance") -> Low Attendance | H8: =IF(G8="Safe", "", IF(F8="Not Possible", "Your attendance is "&TEXT(E8,"0")&"%. Unfortunately, it is not possible to reach the minimum attendance requirement this month.", "Your attendance is "&TEXT(E8,"0")&"%. You need to attend the next "&F8&" lectures to reach the required attendance.")) -> Your attendance is 42%. You need to attend the next 4 lectures to reach the required attendance. | I8: =CEILING(0.75*C8,1) -> 9 | J8: =IFERROR(__xludf.DUMMYFUNCTION("COUNTUNIQUE(FILTER('Attendance 1'!A:A,'Attendance 1'!A:A<>"""")) "),1.0) -> 1
A9: 8 | B9: =IFERROR(VLOOKUP(A9,'Master Sheet'!A:B,2,FALSE),"") -> Pooja Nair | C9: 12 | D9: =COUNTIF(Attendance!D:D,"*"&A9&"*") -> 8 | E9: =IF(C9=0,0,(D9/C9)*100) -> 66.666667 | F9: =MAX(0, CEILING(0.75*C9,1) - D9) -> 1 | G9: =IF(E9>=75,"Safe","Low Attendance") -> Low Attendance | H9: =IF(G9="Safe", "", IF(F9="Not Possible", "Your attendance is "&TEXT(E9,"0")&"%. Unfortunately, it is not possible to reach the minimum attendance requirement this month.", "Your attendance is "&TEXT(E9,"0")&"%. You need to attend the next "&F9&" lectures to reach the required attendance.")) -> Your attendance is 67%. You need to attend the next 1 lectures to reach the required attendance. | I9: =CEILING(0.75*C9,1) -> 9 | J9: =IFERROR(__xludf.DUMMYFUNCTION("COUNTUNIQUE(FILTER('Attendance 1'!A:A,'Attendance 1'!A:A<>"""")) "),1.0) -> 1
A10: 9 | B10: =IFERROR(VLOOKUP(A10,'Master Sheet'!A:B,2,FALSE),"") -> Aman Malhotra | C10: 12 | D10: =COUNTIF(Attendance!D:D,"*"&A10&"*") -> 9 | E10: =IF(C10=0,0,(D10/C10)*100) -> 75 | F10: =MAX(0, CEILING(0.75*C10,1) - D10) -> 0 | G10: =IF(E10>=75,"Safe","Low Attendance") -> Safe | H10: =IF(G10="Safe", "", IF(F10="Not Possible", "Your attendance is "&TEXT(E10,"0")&"%. Unfortunately, it is not possible to reach the minimum attendance requirement this month.", "Your attendance is "&TEXT(E10,"0")&"%. You need to attend the next "&F10&" lectures to reach the required attendance.")) | I10: =CEILING(0.75*C10,1) -> 9 | J10: =IFERROR(__xludf.DUMMYFUNCTION("COUNTUNIQUE(FILTER('Attendance 1'!A:A,'Attendance 1'!A:A<>"""")) "),1.0) -> 1
B11: =IFERROR(VLOOKUP(A11,'Master Sheet'!A:B,2,FALSE),"")
B12: =IFERROR(VLOOKUP(A12,'Master Sheet'!A:B,2,FALSE),"")
B13: =IFERROR(VLOOKUP(A13,'Master Sheet'!A:B,2,FALSE),"")
B14: =IFERROR(VLOOKUP(A14,'Master Sheet'!A:B,2,FALSE),"")
B15: =IFERROR(VLOOKUP(A15,'Master Sheet'!A:B,2,FALSE),"")
